"title","alias","catid","state","access","language","introtext","fact_title","fact_description","region_code"
"Gryneion (Darphane)","gryneion","46","1","1","*","Antik darphane","Gryneion","Apollon Tapınağı ile ünlü bu kent, günümüz İzmir'in Aliağa ilçesi yakınlarındadır.","aeolis-coins"
"Kyme (Darphane)","kyme","46","1","1","*","Antik darphane","Kyme","İzmir'in Aliağa ilçesi yakınlarında yer alan, Aeolis'in anakaradaki en büyük ve en önemli liman kentidir.","aeolis-coins"
"Larissa (Phrikonis) (Darphane)","larissa","46","1","1","*","Antik darphane","Larissa (Phrikonis)","Günümüz İzmir'in Menemen ilçesi yakınlarındaki Buruncuk mevkiinde bulunan bir Aiol kentidir.","aeolis-coins"
"Myrina (Darphane)","myrina","46","1","1","*","Antik darphane","Myrina","Günümüz İzmir'in Aliağa ilçesi sınırları içinde, Kyme'ye komşu bir diğer önemli liman kentidir.","aeolis-coins"
"Mytilene (Midilli) (Darphane)","mytilene","46","1","1","*","Antik darphane","Mytilene (Midilli)","Aeolis'in ada kanadının en güçlü kenti olan Lesbos (Midilli) adasının başkentidir. Antik lirik şiirin (Sappho gibi) merkezlerinden biriydi.","aeolis-coins"
"Pitane (Darphane)","pitane","46","1","1","*","Antik darphane","Pitane","Günümüzdeki İzmir'in Dikili ilçesine bağlı Çandarlı beldesinin bulunduğu yerde kurulmuştur.","aeolis-coins"
"Herakleia Pontika (Heraclea Pontica) (Darphane)","herakleia-pontika","46","1","1","*","Antik darphane","Herakleia Pontika (Heraclea Pontica)","Karadeniz kıyısındaki önemli bir liman kenti olan Herakleia, günümüz Zonguldak'ın Karadeniz Ereğli ilçesidir.","bithynia-coins"
"Kalkedon (Chalcedon) (Darphane)","kalkedon","46","1","1","*","Antik darphane","Kalkedon (Chalcedon)","İstanbul'un tam karşısında yer alan bu antik liman kenti, günümüz İstanbul'unun Kadıköy ilçesinin bulunduğu yerdedir.","bithynia-coins"
"Nikaia (Nicaea) (Darphane)","nikaia","46","1","1","*","Antik darphane","Nikaia (Nicaea)","Hristiyanlık tarihi için kritik öneme sahip İznik Konsili'nin toplandığı bu şehir, günümüz Bursa'nın İznik ilçesidir.","bithynia-coins"
"Nikomedia (Nicomedia) (Darphane)","nikomedia","46","1","1","*","Antik darphane","Nikomedia (Nicomedia)","Bitinya Krallığı'nın başkenti ve Roma İmparatorluğu'nun en önemli dört başkentinden biri olan Nikomedia, günümüz Kocaeli'nin İzmit ilçesidir.","bithynia-coins"
"Prusa (Prusa ad Olympum) (Darphane)","prusa","46","1","1","*","Antik darphane","Prusa (Prusa ad Olympum)","Uludağ'ın (antik Olympos) eteklerine kurulan bu kent, günümüz Bursa şehridir ve Osmanlı İmparatorluğu'nun ilk başkentlerinden biridir.","bithynia-coins"
"Caesarea (Kayseri) (Darphane)","caesarea","46","1","1","*","Antik darphane","Caesarea (Kayseri)","Kapadokya Krallığı'nın ve daha sonra Roma eyaletinin başkenti olan Caesarea (eski adıyla Mazaka), bölgenin en büyük ve en önemli darphane merkeziydi.","cappadocia-coins"
"Tyana (Darphane)","tyana","46","1","1","*","Antik darphane","Tyana","Roma döneminde önemli bir merkez ve darphane olan Tyana, günümüz Niğde'nin Kemerhisar beldesinde yer almaktadır.","cappadocia-coins"
"Aphrodisias (Darphane)","aphrodisias","46","1","1","*","Antik darphane","Aphrodisias","Heykeltıraşlık okulu ve iyi korunmuş anıtlarıyla ünlü bu kent, Aydın'ın Karacasu ilçesi yakınlarındadır.","caria-coins"
"Halikarnassos (Halikarnas) (Darphane)","halikarnassos","46","1","1","*","Antik darphane","Halikarnassos (Halikarnas)","Dünyanın Yedi Harikası'ndan biri olan anıt mezara (Mausoleum) ev sahipliği yapan bu ünlü kent, günümüzün popüler turizm merkezi Bodrum, Muğla'dır.","caria-coins"
"Knidos (Darphane)","knidos","46","1","1","*","Antik darphane","Knidos","Bilim, sanat ve mimarideki önemiyle bilinen bu liman kenti, Muğla'nın Datça ilçesinin en uç noktasında yer alır.","caria-coins"
"Mylasa (Darphane)","mylasa","46","1","1","*","Antik darphane","Mylasa","Karya'nın antik başkentlerinden biri olan Mylasa, günümüzdeki Muğla'nın Milas ilçesidir.","caria-coins"
"Stratonikeia (Darphane)","stratonikeia","46","1","1","*","Antik darphane","Stratonikeia","Gladyatörler şehri olarak da bilinen ve dünyanın en büyük mermer kentlerinden biri olan Stratonikeia, Muğla'nın Yatağan ilçesi sınırlarındadır.","caria-coins"
"Anazarbos (Anavarza) (Darphane)","anazarbos","46","1","1","*","Antik darphane","Anazarbos (Anavarza)","Ovalık Kilikya'nın en önemli kentlerinden biri olan Anazarbos, günümüz Adana'nın Kozan ilçesi yakınlarındadır.","cilicia-coins"
"Kilikya Pedias (Ovalık Kilikya) (Darphane)","kilikya-pedias","46","1","1","*","Antik darphane","Kilikya Pedias (Ovalık Kilikya)","Doğudaki, Seyhan ve Ceyhan nehirlerinin suladığı verimli Çukurova bölgesidir. Bu verimli topraklar ve stratejik limanlar, bölgeyi tarih boyunca önemli bir ticaret ve sikke basım merkezi yapmıştır.","cilicia-coins"
"Mopsos (Misis) (Darphane)","mopsos","46","1","1","*","Antik darphane","Mopsos (Misis)","Ceyhan Nehri (antik Pyramos) üzerinde yer alan bu antik kent, Adana yakınlarındadır ve Misis Mozaik Müzesi ile tanınır.","cilicia-coins"
"Pompeiopolis (Darphane)","pompeiopolis","46","1","1","*","Antik darphane","Pompeiopolis","Büyük Pompeius tarafından yeniden kurulan bu önemli liman kenti, günümüz Mersin'in Mezitli ilçesindeki Viranşehir'de yer alır.","cilicia-coins"
"Seleukeia ad Kalykadnos (Silifke) (Darphane)","seleukeia-ad-kalykadnos","46","1","1","*","Antik darphane","Seleukeia ad Kalykadnos (Silifke)","Göksu Nehri'nin (antik Kalykadnos) kenarında kurulmuş olan bu şehir, günümüz Mersin'in Silifke ilçesidir.","cilicia-coins"
"Tarsus (Darphane)","tarsus","46","1","1","*","Antik darphane","Tarsus","Aziz Paul'un doğum yeri olarak bilinen ve antik çağlardan beri önemli bir metropol olan Tarsus, günümüzde Mersin'in Tarsus ilçesidir.","cilicia-coins"
"Ankyra (Ancyra) (Darphane)","ankyra","46","1","1","*","Antik darphane","Ankyra (Ancyra)","Galatya'nın Roma dönemindeki başkenti olan Ankyra, günümüz Türkiye'sinin başkenti Ankara'dır. Augustus Tapınağı (Monumentum Ancyranum) ile ünlüdür.","galatia-coins"
"Pessinus (Darphane)","pessinus","46","1","1","*","Antik darphane","Pessinus","Ana tanrıça Kybele kültünün önemli merkezlerinden biri olan Pessinus, Eskişehir'in Sivrihisar ilçesi yakınlarındadır.","galatia-coins"
"Tavion (Tavium) (Darphane)","tavion","46","1","1","*","Antik darphane","Tavion (Tavium)","Galat kabilelerinden Trocmi'lerin merkezi olan Tavion, günümüz Yozgat ili sınırları içinde yer almaktadır.","galatia-coins"
"Ephesos (Efes) (Darphane)","ephesos","46","1","1","*","Antik darphane","Ephesos (Efes)","İzmir'in Selçuk ilçesi sınırları içinde yer alan, Artemis Tapınağı ile ünlü, antik dünyanın en önemli metropollerinden biridir.","ionia-coins"
"Klazomenai (Darphane)","klazomenai","46","1","1","*","Antik darphane","Klazomenai","Günümüz İzmir'in Urla ilçesi yakınlarında bulunan bir diğer önemli İyon kentidir.","ionia-coins"
"Miletos (Milet) (Darphane)","miletos","46","1","1","*","Antik darphane","Miletos (Milet)","Thales gibi filozofların anavatanı olan bu önemli liman kenti, günümüz Aydın'ın Didim ilçesi yakınlarındadır.","ionia-coins"
"Phokaia (Foça) (Darphane)","phokaia","46","1","1","*","Antik darphane","Phokaia (Foça)","Denizcilikteki ustalıklarıyla bilinen bu kent, günümüzdeki tatil beldesi Foça, İzmir'in bulunduğu yerde kurulmuştur.","ionia-coins"
"Smyrna (Darphane)","smyrna","46","1","1","*","Antik darphane","Smyrna","Günümüzdeki modern İzmir şehrinin temelini oluşturan antik kenttir. Roma döneminde önemli bir darphane merkeziydi.","ionia-coins"
"Teos (Darphane)","teos","46","1","1","*","Antik darphane","Teos","Sanatçılar ve özellikle Dionysos kültü ile tanınan antik kent, İzmir'in Seferihisar ilçesi sınırlarındadır.","ionia-coins"
"Myra (Darphane)","myra","46","1","1","*","Antik darphane","Myra","Kaya mezarlarıyla ünlü olan ve Aziz Nikolaos'un (Noel Baba) piskoposluk yaptığı kent, günümüzdeki Antalya'nın Demre ilçesidir.","lycia-coins"
"Olympos (Darphane)","olympos","46","1","1","*","Antik darphane","Olympos","Sönmeyen ateşi (Chimera) ile bilinen bu liman kenti, günümüz Antalya'sının Kemer ilçesi yakınlarındadır.","lycia-coins"
"Patara (Darphane)","patara","46","1","1","*","Antik darphane","Patara","Likya Birliği'nin meclis binasına ev sahipliği yapmış olan bu büyük liman kenti, yine Kaş, Antalya yakınlarındadır.","lycia-coins"
"Tlos (Darphane)","tlos","46","1","1","*","Antik darphane","Tlos","Uçan at Pegasus'un sahibi Bellerophon'un yaşadığına inanılan ve sarp bir tepeye kurulmuş olan bu kent, Muğla'nın Fethiye ilçesi sınırlarındadır.","lycia-coins"
"Xanthos (Ksanthos) (Darphane)","xanthos","46","1","1","*","Antik darphane","Xanthos (Ksanthos)","Likya Birliği'nin başkenti olan bu önemli kent, günümüzde Antalya'nın Kaş ilçesi yakınlarındaki Kınık mahallesinde yer alır.","lycia-coins"
"Sardes (Sardis) (Darphane)","sardes","46","1","1","*","Antik darphane","Sardes (Sardis)","Lidya'nın başkenti ve en önemli darphane merkezi olan Sardes, günümüzdeki Manisa'nın Salihli ilçesi yakınlarındadır. Tarihteki ilk sikkelerin burada basıldığı kabul edilir.","lydia-coins"
"Adramytteion (Darphane)","adramytteion","46","1","1","*","Antik darphane","Adramytteion","Edremit Körfezi'ne adını veren bu antik liman kenti, günümüz Balıkesir'in Edremit/Burhaniye civarında yer almaktaydı.","mysia-coins"
"Kyzikos (Cyzicus) (Darphane)","kyzikos","46","1","1","*","Antik darphane","Kyzikos (Cyzicus)","Antik çağın en zengin şehirlerinden biri olan ve elektrum (altın-gümüş alaşımı) sikkeleriyle tanınan Kyzikos, Balıkesir'in Erdek ilçesi yakınlarındaki Kapıdağ Yarımadası'nda bulunur.","mysia-coins"
"Lampsakos (Lampsacus) (Darphane)","lampsakos","46","1","1","*","Antik darphane","Lampsakos (Lampsacus)","Çanakkale Boğazı (Hellespont) kıyısında stratejik bir konuma sahip olan bu şehir, günümüz Çanakkale'nin Lapseki ilçesine adını vermiştir.","mysia-coins"
"Pergamon (Bergama) (Darphane)","pergamon","46","1","1","*","Antik darphane","Pergamon (Bergama)","Helenistik dönemde Bergama Krallığı'nın başkenti olan ve parşömenin icadıyla ünlenen bu büyük kent, günümüz İzmir'in Bergama ilçesinde yer almaktadır.","mysia-coins"
"Aspendos (Darphane)","aspendos","46","1","1","*","Antik darphane","Aspendos","En iyi korunmuş antik tiyatrosuyla bilinen Aspendos, günümüz Serik ilçesi sınırlarındadır.","pamphylia-coins"
"Attaleia (Darphane)","attaleia","46","1","1","*","Antik darphane","Attaleia","Ve tabii ki, günümüz Antalya şehrinin antik kalbi olan ve Bergama Kralı II. Attalos tarafından kurulan Attaleia da önemli bir Pamfilya kentiydi.","pamphylia-coins"
"Perge (Darphane)","perge","46","1","1","*","Antik darphane","Perge","Antalya'nın hemen yanı başında, günümüz Aksu ilçesinde yer alan, eyaletin en önemli şehirlerinden biriydi.","pamphylia-coins"
"Side (Darphane)","side","46","1","1","*","Antik darphane","Side","Günümüzün popüler turizm merkezi olan Side, antik dönemde de en önemli liman ve darphane merkezlerinden biriydi.","pamphylia-coins"
"Apameia Kibotos (Darphane)","apameia-kibotos","46","1","1","*","Antik darphane","Apameia Kibotos","Helenistik ve Roma dönemlerinde en yoğun sikke basan merkezlerden biri olan Apameia, günümüz Afyonkarahisar'ın Dinar ilçesidir.","phrygia-coins"
"Gordion (Darphane)","gordion","46","1","1","*","Antik darphane","Gordion","Frigya'nın efsanevi kralı Midas'ın da başkenti olan Gordion, günümüz Ankara'sının Polatlı ilçesi yakınlarındadır.","phrygia-coins"
"Kotiaeion (Cotiaeum) (Darphane)","kotiaeion","46","1","1","*","Antik darphane","Kotiaeion (Cotiaeum)","Antik Kotiaeion kenti, günümüz Kütahya şehrinin bulunduğu yerde kurulmuştur.","phrygia-coins"
"Laodikeia (Laodicea on the Lycus) (Darphane)","laodikeia","46","1","1","*","Antik darphane","Laodikeia (Laodicea on the Lycus)","Tekstil ürünleriyle ünlü bu zengin kent, günümüz Denizli ili yakınlarında yer alır.","phrygia-coins"
"Antiocheia (Pisidya Antiocheia'sı) (Darphane)","antiocheia","46","1","1","*","Antik darphane","Antiocheia (Pisidya Antiocheia'sı)","Roma döneminde Pisidya eyaletinin başkentliğini yapmış olan bu büyük şehir, bugünkü Isparta'nın Yalvaç ilçesindedir.","pisidia-coins"
"Kibyra (Darphane)","kibyra","46","1","1","*","Antik darphane","Kibyra","Gladyatörleriyle ünlü bu antik kent, günümüzdeki Burdur'un Gölhisar ilçesi yakınlarındadır.","pisidia-coins"
"Kremna (Cremna) (Darphane)","kremna","46","1","1","*","Antik darphane","Kremna (Cremna)","Burdur'un Bucak ilçesinde, etkileyici bir tepe üzerine kurulmuş bir Roma kolonisi ve önemli bir darphane merkezidir.","pisidia-coins"
"Sagalassos (Darphane)","sagalassos","46","1","1","*","Antik darphane","Sagalassos","Proje planınızda da adı geçen Sagalassos, günümüzdeki Burdur'un Ağlasun ilçesi sınırlarındadır. Bölgenin en önemli ve en iyi korunmuş antik kentlerinden biridir.","pisidia-coins"
"Selge (Darphane)","selge","46","1","1","*","Antik darphane","Selge","Torosların güney yamaçlarında, Antalya'nın Manavgat ilçesi sınırları içinde yer alan önemli bir dağ kentidir.","pisidia-coins"
"Termessos (Darphane)","termessos","46","1","1","*","Antik darphane","Termessos","Antalya'nın kuzeybatısındaki Güllük Dağı Milli Parkı içinde yer alan, el değmemiş doğası ve iyi korunmuş yapılarıyla bilinen bir şehirdir.","pisidia-coins"
"Amaseia (Amasya) (Darphane)","amaseia","46","1","1","*","Antik darphane","Amaseia (Amasya)","Pontus Krallığı'nın ilk başkenti olan ve Yeşilırmak (antik Iris) vadisinde yer alan, günümüz Amasya şehridir.","pontus-coins"
"Amisos (Samsun) (Darphane)","amisos","46","1","1","*","Antik darphane","Amisos (Samsun)","Günümüz Samsun şehrinin temelini oluşturan, Karadeniz ticaretinde kilit rol oynamış bir diğer büyük liman kenti ve krallık darphanesidir.","pontus-coins"
"Kabeira (Neokaisareia) (Darphane)","kabeira","46","1","1","*","Antik darphane","Kabeira (Neokaisareia)","Mithridates VI'nın önemli bir kalesi ve darphanesi olan, günümüz Tokat iline bağlı Niksar ilçesidir.","pontus-coins"
"Kerasos (Giresun) (Darphane)","kerasos","46","1","1","*","Antik darphane","Kerasos (Giresun)","Günümüz Giresun şehrinin bulunduğu yerde kurulan, kirazın dünyaya yayıldığı yer olarak bilinen antik liman kentidir.","pontus-coins"
"Sinope (Sinop) (Darphane)","sinope","46","1","1","*","Antik darphane","Sinope (Sinop)","Karadeniz'in en önemli doğal limanlarından birine sahip, stratejik bir Grek kolonisi ve daha sonra Pontus Krallığı'nın başkenti olan günümüz Sinop şehridir.","pontus-coins"
"Trapezus (Trabzon) (Darphane)","trapezus","46","1","1","*","Antik darphane","Trapezus (Trabzon)","Bölgenin en doğudaki önemli Grek kolonilerinden biri olan ve İpek Yolu'nun Karadeniz'e açılan kapılarından biri olarak hizmet veren günümüz Trabzon şehridir.","pontus-coins"
"Abydos (Darphane)","abydos","46","1","1","*","Antik darphane","Abydos","Çanakkale Boğazı'nın en dar yerinde, Asya'dan Avrupa'ya geçişin kilit noktası olan, günümüz Çanakkale merkezine yakın Nara Burnu civarındaki antik kenttir.","troas-coins"
"Alexandria Troas (Darphane)","alexandria-troas","46","1","1","*","Antik darphane","Alexandria Troas","Büyük İskender'in generalleri tarafından kurulan ve Roma döneminde ""Yeni Roma"" olması bile düşünülen devasa bir liman kenti; günümüz Çanakkale'nin Ezine ilçesi yakınlarındadır.","troas-coins"
"Assos (Darphane)","assos","46","1","1","*","Antik darphane","Assos","Athena Tapınağı ile ünlü, filozof Aristoteles'in bir süre yaşadığı, günümüz Çanakkale'nin Ayvacık ilçesine bağlı Behramkale köyünde yer alan liman kentidir.","troas-coins"
"Sigeion (Yeniköy) (Darphane)","sigeion","46","1","1","*","Antik darphane","Sigeion (Yeniköy)","Çanakkale Boğazı'nın Ege girişinde, Aşil'in mezarının bulunduğuna inanılan, günümüz Çanakkale merkeze bağlı Yeniköy yakınlarındaki antik kenttir.","troas-coins"
"Tenedos (Bozcaada) (Darphane)","tenedos","46","1","1","*","Antik darphane","Tenedos (Bozcaada)","Truva'nın tam karşısında yer alan, İlyada'da stratejik bir rol oynayan ve kendi adına sikke basan, günümüzdeki Bozcaada'dır.","troas-coins"
"Troia (Ilium / Truva) (Darphane)","troia","46","1","1","*","Antik darphane","Troia (Ilium / Truva)","Efsanevi savaşın merkezi olan ve dokuz katmandan oluşan, günümüz Çanakkale il merkezine bağlı Hisarlık Tepe'de yer alan antik kenttir.","troas-coins"
